ppCode,ppName,geometries
A0004,ALIWAL STREET ,"1.302642219937201, 103.86084119330316"
A0005,ALLENBY ROAD ,"1.3104972637937171, 103.85913404261238"
A0006,AMOY STREET ,"1.2811858670982985, 103.84723105375262"
A0007,ANGULLIA PARK OFF STREET,"1.3053280313222764, 103.82957069514482"
A0008,ANN SIANG ROAD ,"1.2808813845277496, 103.84585310232585"
A0010,ARAB STREET ,"1.3022599571413955, 103.85820845289837"
A0011,ARMENIAN STREET OFF STREET,"1.2939260442330984, 103.84886606187924"
A0017,ARAB STREET - QUEEN STREET OFF STREET,"1.3029418442262124, 103.85702527311646"
A0021,AMOY STREET OFF STREET ,"1.2807904229808036, 103.84717734239695"
A0024,ADAM ROAD FOOD CENTRE OFF STREET,"1.3241651253008084, 103.81389905715548"
A0025,ADAM ROAD - DUNEARN CLOSE OFF STREET,"1.3244774629124667, 103.8141209022391"
A0028,ALJUNIED ROAD (MINOR) ,"1.3254396878538988, 103.87964838524361"
A0034,ANAMALAI AVENUE ,"1.3306594562882015, 103.79470023552228"
A0035,ANTHONY ROAD OFF STREET,"1.3102963501654719, 103.83689301744357"
A0036,ANG MO KIO STREET 62 ,"1.3869576900220246, 103.84514477281556"
A0037,ANG MO KIO STREET 64 ,"1.387706325683601, 103.84923347368165"
A0043,AYER RAJAH CRESCENT ,"1.2934003205032152, 103.78888553917658"
A0046,ALJUNIED ROAD OFF STREET,"1.313892836774599, 103.88178819343074"
A0048,ANG MO KIO STREET 63 ,"1.3857095748320563, 103.8482474040831"
A0054,ANCHORVALE STREET ,"1.3975766577342363, 103.8861812126259"
A0057,AROOZOO AVENUE ,"1.354981181234537, 103.8845356827641"
B0001,BUKIT TIMAH ROAD ,"1.3245558872347227, 103.80933716251475"
B0002,BAGHDAD STREET ,"1.3013483801140326, 103.85997016711777"
B0004,BULIM AVENUE HVP ,"1.3568338027540823, 103.70958289707501"
B0005,BANDA STREET - SAGO LANE OFF STREET,"1.2812556946484441, 103.84389985953524"
B0008,BEATTY ROAD ,"1.3139378544956877, 103.85854647296922"
B0011,BIRCH ROAD ,"1.310982602554198, 103.85392526240007"
B0018,BUKIT PASOH ROAD ,"1.278946666762199, 103.84074437375571"
B0020,BUSSORAH STREET ,"1.3009526501289133, 103.86004484465717"
B0022,BEATTY LANE ,"1.3121023013793585, 103.86022624651685"
B0023,BENG WAN ROAD OFF STREET,"1.3236170292592027, 103.86557758209938"
B0025,BALI LANE ,"1.3011559817699756, 103.85840941791858"
B0028,BALESTIER ROAD ,"1.3216370258681256, 103.85319513468113"
B0029,BHAMO ROAD ,"1.3246793498140557, 103.84963764340708"
B0031,BEATTY ROAD OFF STREET,"1.3141110311462287, 103.85960539693768"
B0032,BUKIT TIMAH MARKET OFF STREET,"1.3390889295850852, 103.77639634689156"
B0033,BOON TECK ROAD ,"1.3262158334361198, 103.84952323334346"
B0035,BELILIOS LANE OFF STREET,"1.307434072042492, 103.85169385852043"
B0042,BENOI SECTOR ,"1.319595325548177, 103.68435864865758"
B0045,BLAIR ROAD ,"1.2761613638928557, 103.83618308099842"
B0052,BANDA STREET ,"1.2811851246397492, 103.84360576223798"
B0062,BUFFALO ROAD SERVICE ROAD,"1.3071671193653343, 103.85062374490197"
B0063,BUKIT BATOK NATURE PARK OFF STREET,"1.3473952304979198, 103.76148104730629"
B0067,BURN ROAD ,"1.3352933206384174, 103.88558164865265"
B0069,BEDOK SOUTH ROAD ,"1.3204954163780562, 103.9399385156368"
B0073,BOON TAT STREET ,"1.2814016211191142, 103.84809054019605"
B0082,BRADDELL ROAD HEAVY VEHICLE PARK,"1.3443454602186455, 103.857771736664"
B0084,BEACH ROAD ,"1.300720622397272, 103.86049444187195"
B0086,BUKIT BATOK EAST AVENUE 2 HV PARK,"1.3502437528097613, 103.76141824320408"
B0087,BAGHDAD STREET OFF STREET,"1.3013034071472223, 103.86037519945214"
B0088,BEDOK ROAD FOOD CENTRE OFF STREET,"1.3208824942580355, 103.95521451777427"
B0090,BENOI ROAD ,"1.3023519999949795, 103.67943175420542"
B0092,BABOO LANE ,"1.308682268236453, 103.8541998183374"
B0099,BENDEMEER ROAD HEAVY VEHICLE PARK,"1.3142215116789029, 103.8610435461857"
B0100,BRIGHTON CRESCENT ,"1.3629064592604478, 103.8711185284715"
B0101,BOON LAY WAY HVP   ,"1.3270814500381154, 103.75087173947735"
BL001,BACKLANE BET CECIL STREET-MARKET STREET,"1.2824878802977204, 103.85089510084994"
BL008,BACKLANE BET NORTH CANAL ROAD-CIRCULAR RD,"1.286582140779026, 103.84821870264284"
BL009,BACKLANE BET HONGKONG ST-CARPENTER STREET,"1.2877213997561372, 103.84809671797693"
BL010,BACKLANE BET LORONG TELOK-CIRCULAR ROAD,"1.2861307018727863, 103.84909356539674"
BL011,BACKLANE OFF SYNAGOGUE STREET,"1.2856216552103314, 103.84842849716597"
BL014,BACKLANE BET BOON TAT STREET-AMOY STREET,"1.281878371827942, 103.8478848800137"
BL015,BACKLANE OFF AMOY STREET,"1.2809649086337982, 103.84730633299999"
BL016,BACKLANE OFF GEMMILL LANE,"1.2825351046222213, 103.84720409767286"
BL019,BACKLANE BET UPPER CROSS ST-MOSQUE STREET,"1.2844914856026155, 103.84422420515202"
BL021,BACKLANE OFF COOK STREET,"1.2790593598534763, 103.84422399351055"
BL022,BACKLANE BET TRAS STREET-COOK STREET,"1.2785615278795994, 103.84419495337653"
BL023,BACKLANE BET PECK SEAH STREET-TRAS STREET,"1.277192301413713, 103.84457893741421"
BL031,BACKLANE OFF BUKIT PASOH ROAD,"1.2783863526723962, 103.84053926121281"
BL032,BACKLANE OFF KEONG SAIK ROAD,"1.279216409831758, 103.84135963475319"
BL033,BACKLANE OFF TECK LIM ROAD,"1.2796040087127794, 103.84196695679235"
BL034,BACKLANE BET KEONG SAIK ROAD-NEIL ROAD,"1.2807475836466824, 103.84195254986099"
BL041,BACKLANE BET CARPENTER -UPPER CIRCULAR ROAD,"1.2886324698033718, 103.8477430988223"
BL046,BACKLANE BET SYNAGOGUE STREET-CHURCH STREET,"1.2846244918993246, 103.849129877828"
BL053,BACKLANE BET BOON TAT STREET-MCCALLUM STREET,"1.2800609456715224, 103.84909536306598"
BL054,BACKLANE OFF BOON TAT STREET,"1.2812244676591857, 103.84826819549795"
BL055,BACKLANE OFF MCCALLUM STREET,"1.279748416696398, 103.8474596295561"
BL060,BACKLANE OFF SMITH STREET,"1.2832991870368622, 103.8431531261851"
BL061,BACKLANE BET TEMPLE STREET-PAGODA STREET,"1.283129090734506, 103.8439851843999"
BL062,BACKLANE BET TEMPLE STREET-SMITH STREET,"1.282240659499805, 103.84488940004991"
BL067,BACKLANE BET ANN SIANG ROAD-ERSKINE ROAD,"1.281368152131376, 103.84519839452814"
BL076,BACKLANE BET CRAIG ROAD-DUXTON ROAD,"1.2777539318059052, 103.84330576026419"
BL077,BACKLANE BET JIAK CHUAN RD-TECK LIM ROAD,"1.2801072720663471, 103.84180452795938"
BL092,BACKLANE OFF SEAH STREET,"1.29643959343453, 103.85454063769355"
BL093,BACKLANE OFF PURVIS STREET,"1.2965245741878513, 103.85565484429627"
BL094,BACKLANE BET MIDDLE ROAD-LIANG SEAH STREET,"1.2981911559071964, 103.85582786821676"
BL109,BACKLANE BET PERAK ROAD-MADRAS STREET,"1.3050379233283582, 103.85312199043152"
BL111,BACKLANE BET MAYO STREET-DUNLOP STREET,"1.3041239859948006, 103.85411542609394"
BL112,BACKLANE BET DICKSON ROAD-DUNLOP STREET,"1.3044276003488524, 103.85442413232872"
BL116,BACKLANE BET KAMPONG KAPOR-UPPER DICKSON RD,"1.3064076459314924, 103.85267916741435"
BL118,BACKLANE BET DICKSON ROAD-UPPER WELD ROAD,"1.3056093715522543, 103.85422551208146"
BL120,BACKLANE BET CUFF ROAD -VEERASAMY ROAD,"1.3072435797242372, 103.85385446588803"
BL124,BACKLANE BET HINDOO ROAD-ROWELL ROAD,"1.3090956899369541, 103.85382087074017"
BL128,BACKLANE OFF ROWELL ROAD,"1.3073391335543096, 103.85619363124125"
BL132,BACKLANE OFF DESKER ROAD,"1.3094338411343693, 103.85518085688622"
BL137,BACKLANE OFF SAM LEONG ROAD,"1.309295558465115, 103.85742453872801"
BL138,BACKLANE BET KELANTAN LANE-KELANTAN ROAD,"1.3061829247914518, 103.85611897937677"
BL141,BACKLANE BET TOWNSHEND ROAD-JALAN BESAR,"1.3083530196981028, 103.85760809408355"
BL144,BACKLANE BET KITCHENER ROAD-PLUMER ROAD,"1.3095119979398833, 103.85837294505234"
BL151,BACKLANE OFF CAVAN ROAD,"1.3104981902410295, 103.8611963645053"
BL172,BACKLANE BET ARAB STREET-JALAN PINANG,"1.3024723783782206, 103.85843640347143"
BL177,BACKLANE OFF BAGHDAD STREET,"1.3012735516954075, 103.86025962283824"
BL180,BACKLANE BET JALAN SULTAN-ALIWAL STREET,"1.303114143159975, 103.86104980306648"
BL192,BACKLANE OFF FARLEIGH AVENUE,"1.364271106514869, 103.86537523115335"
BL193,BACKLANE OFF SERANGOON GARDEN WAY,"1.3636638634583826, 103.86534403023457"
BL196,BACKLANE OFF BLAIR RD- SPOTTISWOODE PARK ROAD,"1.277023818125015, 103.83671959297665"
BL201,BACKLANE OFF JALAN BERSEH,"1.3072839645080891, 103.85697940875255"
BL204,BACKLANE BET CLIVE STREET-MADRAS STREET,"1.3050340868251737, 103.8524489114989"
BL208,BACKLANE BET BAGHDAD STREET-MUSCAT STREET,"1.3018329255946095, 103.85975745411886"
BL209,BACKLANE OFF MOHD ALI LANE-ANN SIANG HILL,"1.2816975255759104, 103.8453644055372"
BL210,BACKLANE OFF NORTH BRIDGE ROAD,"1.3032753797470096, 103.85961315994814"
BL212,BACKLANE BET ONAN ROAD - JOO CHIAT ROAD,"1.3099550989589381, 103.9016373779623"
C0004,CARPENTER STREET ,"1.2881214688770466, 103.8478160448851"
C0009,CHANDER ROAD ,"1.3079550538859843, 103.8512029092722"
C0011,CHEONG CHIN NAM ROAD ,"1.3436489922393688, 103.77515685464903"
C0018,CIRCULAR ROAD ,"1.286425706351125, 103.84913301132453"
C0022,CLUB STREET ,"1.282722110706202, 103.84709263133252"
C0028,CUFF ROAD ,"1.3069729987652294, 103.85301438474325"
C0036,CLAYMORE ROAD ,"1.307636358275032, 103.83033205096147"
C0038,CLAYMORE HILL ,"1.3083780065461317, 103.8318309871608"
C0039,CORONATION WALK ,"1.3234303154072902, 103.80918168228415"
C0041,CHIN BEE ROAD ,"1.3309849716024187, 103.71246828966147"
C0045,CHIN BEE DRIVE ,"1.3361019098459483, 103.71408372816312"
C0053,CAIRNHILL ROAD SERVICE ROAD,"1.3081036415510314, 103.83712942050259"
C0055,CHOA CHU KANG WAY ,"1.3951437095546413, 103.74230207131622"
C0057,CASUARINA ROAD ,"1.3769310766398906, 103.82798128150597"
C0058,CLEMENCEAU AVENUE ,"1.2977217245805106, 103.84384456273351"
C0063,CHENG YAN PLACE ,"1.3000078105479886, 103.85455755377922"
C0097,CAMPBELL LANE ,"1.3052064095538383, 103.852612259624"
C0098,CLIVE STREET ,"1.3056404826232364, 103.85253218083072"
C0104,CAVAN ROAD ,"1.3109564871388402, 103.86158146332319"
C0110,COOK STREET ,"1.2787996339829188, 103.84431729116517"
C0113,CHANGI ROAD (BET JALAN KEMBANGAN-STILL ROAD),"1.318616498499693, 103.91011067166322"
C0114,CHANGI ROAD SERVICE ROAD,"1.3179047999154023, 103.90733296217766"
C0118,CEYLON ROAD ,"1.305413926671487, 103.90289038941302"
C0119,CEYLON ROAD OFF STREET ,"1.3098549757025708, 103.89943305397591"
C0120,CHIA PING ROAD ,"1.3286782286665204, 103.71811485268292"
C0122,CHANGI VILLAGE ROAD ,"1.3888724673634019, 103.98723127116997"
C0126,CHANGI SOUTH AVENUE 2 ,"1.3321045456259328, 103.96990056409162"
C0128,CHANGI SOUTH AVENUE 4 ,"1.3351331270826672, 103.97066217283621"
C0129,CHANGI SOUTH STREET 1 ,"1.3367230478734808, 103.97062882855391"
C0130,CHANGI SOUTH STREET 2 ,"1.3312225559732167, 103.96293610491901"
C0132,CHANGI ROAD (BET JOO CHIAT ROAD-STILL ROAD),"1.3168292818542884, 103.90168697048374"
C0133,CARPENTER STREET OFF STREET,"1.2882657608784158, 103.84818289117739"
C0134,CIRCUIT ROAD ,"1.3251516221056174, 103.88507147291132"
C0135,CRANE ROAD ,"1.3129005266312637, 103.89954006119923"
C0136,CEYLON LANE ,"1.3112561564770766, 103.9006582335944"
C0142,CHANG CHARN ROAD ,"1.289005743758005, 103.81138123513745"
C0147,CHANGI ROAD - JALAN WAKAFF OFF STREET,"1.3185994087504735, 103.91074862065486"
C0148,CLEMENCEAU AVENUE NORTH (NEWTON FC),"1.3110998019426583, 103.83975443423317"
C0151,CHANGI BEACH PARK CP 1 ,"1.3915861775485394, 103.98948755720816"
C0152,CHANGI BEACH PARK CP 2 ,"1.3911521106683347, 103.99140345404324"
C0153,CHANGI BEACH PARK CP 3 ,"1.3906702746534887, 103.99228507025734"
C0154,CHANGI BEACH PARK CP 4 ,"1.3901022234625884, 103.99417817857062"
C0155,CHANGI BEACH PARK CP 5 ,"1.3899303732904007, 103.99568808628645"
C0156,CHANGI BEACH PARK CP 6 ,"1.3843590285271745, 104.0010372932875"
C0157,CHANGI NORTH CRESCENT ,"1.3496744914710643, 103.96702605378131"
C0158,CHANGI NORTH RISE ,"1.3483542679731078, 103.96987103087095"
C0159,CHANGI NORTH STREET 1 ,"1.3496853081529032, 103.970104014604"
C0160,CHANGI NORTH STREET 2 ,"1.351049296629876, 103.96651078800816"
C0161,CHANGI SOUTH LANE ,"1.3321516511290776, 103.95243912155033"
C0162,CLEMENCEAU AVENUE OFF STREET,"1.2939732461835247, 103.84451675349403"
D0001,DEVONSHIRE ROAD ,"1.298326482278343, 103.83781054027392"
D0002,DUBLIN ROAD ,"1.2983942629738756, 103.8397324550714"
D0004,DICKSON ROAD ,"1.3055297404005055, 103.85379209642177"
D0005,DUNLOP STREET ,"1.3051806520929352, 103.85333450415371"
D0006,DUXTON HILL OFF STREET ,"1.2791213614245371, 103.8430766860545"
D0009,DESKER ROAD ,"1.3088317802494722, 103.8554883474075"
D0010,DUXTON ROAD ,"1.2787171670324484, 103.84337154950731"
D0012,DALHOUSIE LANE ,"1.3049047615589486, 103.85223834598723"
D0017,DUNEARN CLOSE ,"1.325018383936054, 103.81491956242606"
D0026,DICKSON ROAD OFF STREET,"1.3058961275037382, 103.85356732694173"
D0027,DUNMAN ROAD FOOD CENTRE OFF STREET,"1.3095005292993638, 103.90170677936716"
D0028,DELTA CIRCUS FRINGE CAR PARK,"1.2893051001294153, 103.82465436208547"
D0029,DAIRY FARM ROAD - PETIR ROAD HV PARK,"1.3656994938321645, 103.7760525051034"
E0009,EMERALD HILL ROAD ,"1.3025273814902618, 103.83916391954591"
E0010,EUNOS ROAD 7 - EUNOS AVE 6 HVP,"1.3224182797829098, 103.89307257769264"
E0011,EMERALD LINK ,"1.3020967471450926, 103.83845256594292"
E0017,EAST COAST ROAD (HAIG ROAD-TELOK KURAU ROAD),"1.3033858020915803, 103.90260993719535"
E0022,EVERTON ROAD ,"1.2765852357447267, 103.83773425970291"
E0023,EAST COAST PARK E3 OFF STREET,"1.3086487746593118, 103.93624430480816"
E0024,EAST COAST PARK E2 OFF STREET,"1.3073484560097048, 103.9358221391092"
E0025,EAST COAST PARK SERVICE ROAD,"1.3072658548642277, 103.92958253279872"
E0027,EAST COAST PARK E1 OFF STREET,"1.306893520704473, 103.92999292150212"
E0031,EAN KIAM PLACE ,"1.3049158924924722, 103.90194019108655"
E0033,EAST COAST ROAD (BET FRANKEL AVE-SIGLAP RD),"1.3120189348688127, 103.92258078166135"
E0034,EVERITT ROAD NORTH ,"1.3159949186299562, 103.90151105748694"
E0035,EVERITT ROAD ,"1.3142759152186891, 103.90160913064447"
E0037,EAST COAST ROAD (BET SIGLAP RD-JALAN JAMAL),"1.3122394469238723, 103.92464289748166"
F0001,FORT CANNING PARK A OFF STREET,"1.296437369290826, 103.84751121879485"
F0002,FOCH ROAD ,"1.3125175726284681, 103.86017222387473"
F0006,FLANDERS SQUARE ,"1.3121577585570348, 103.85743066273648"
F0011,FORESTHILL HEAVY VEHICLE PARK,"1.3748426601258925, 103.73296190234247"
F0013,FOURTH CHIN BEE ROAD  ,"1.333364967501423, 103.71796407057106"
F0021,FIRST LOK YANG ROAD ,"1.3258874722293004, 103.69347156397079"
F0022,FORT CANNING PARK B OFF STREET,"1.2963755141176292, 103.84655848806422"
F0025,FOURTH LOK YANG ROAD ,"1.3261432129425588, 103.68796253007227"
F0026,FIFTH LOK YANG ROAD ,"1.3259521562746013, 103.68611708211192"
F0027,FORT CANNING PARK C OFF STREET,"1.2965649156705994, 103.84500923693474"
F0029,FORT ROAD-EAST COAST PARK HV PARK,"1.2950438555419908, 103.88437350605216"
F0030,FARLEIGH AVENUE ,"1.3647048332826397, 103.86537262026127"
F0031,FARLEIGH AVENUE OFF STREET,"1.3641745234877913, 103.86568469763387"
F0032,FOURTH CHIN BEE ROAD HEAVY VEHICLE PARK,"1.0162642548260385, 103.58175180795413"
G0002,GEYLANG ROAD ,"1.3110159066985572, 103.87381873395744"
G0004,GALI BATU CLOSE HEAVY VEHICLE PARK,"1.0162642548260385, 103.58175180795413"
G0018,GENTING LANE ,"1.3254231606298927, 103.8775317911256"
G0021,GENTING ROAD ,"1.328346895872145, 103.87502652102705"
G0022,GENTING LINK ,"1.3286276443770635, 103.87430753346354"
G0026,GUL CIRCLE ,"1.318566839510224, 103.67660247590948"
G0027,GUL AVENUE ,"1.3149373375452469, 103.66997359811064"
G0028,GUL DRIVE ,"1.3171597387262328, 103.66931783916345"
G0029,GUL LANE ,"1.313097961173052, 103.66281210785259"
G0030,GUL CRESCENT ,"1.310220561010593, 103.66290054239914"
G0032,GUL STREET 1 ,"1.3175875609791143, 103.66878384211323"
G0033,GUL STREET 2 ,"1.3184386014608203, 103.66826457386458"
G0034,GUL STREET 3 ,"1.3181856378252765, 103.66685568749054"
G0035,GUL STREET 4 ,"1.31808956554386, 103.66530017947825"
G0036,GUL STREET 5 ,"1.3170445188153013, 103.66340489188224"
G0037,GENTING LANE OFF STREET,"1.3251195210258278, 103.87794276803513"
G0038,GUL ROAD ,"1.295074892531939, 103.67127686798709"
G0039,GUILLEMARD ROAD ,"1.3141797741277503, 103.89353541920258"
G0040,GEMMILL LANE ,"1.2824306744109333, 103.84712662239812"
G0043,GOODLINK PARK - JALAN MATA AYER OFF STREET,"1.4258808549491968, 103.82580968769314"
H0003,HAMILTON ROAD OFF STREET,"1.3116896699393292, 103.8617454199042"
H0004,HOLLAND DR-NORTH BOUNA VISTA RD OFF STREET,"1.3119377259854992, 103.79266055694673"
H0006,HINDOO ROAD ,"1.308383168456485, 103.85410990087048"
H0007,HULLET ROAD ,"1.3034495311396048, 103.83804955721031"
H0008,HARBOUR DRIVE    ,"1.2894673526170468, 103.76894722229302"
H0011,HOLLAND DRIVE OFF STREET,"1.3106947374223479, 103.79320773289521"
H0012,HONG KONG STREET ,"1.2875126808756707, 103.84739215582294"
H0015,HINDOO ROAD OFF STREET ,"1.3085901317754618, 103.85406595189487"
H0021,HILLVIEW TERRACE ,"1.3526472340179, 103.75797921188602"
H0022,HULLET ROAD OFF STREET ,"1.3032004091319742, 103.83904302350687"
H0024,HONG LIM PARK OFF STREET,"1.2864010712106078, 103.84732683484886"
H0028,HAMILTON ROAD ,"1.3114220590899854, 103.86105227352236"
H0037,HORNE ROAD ,"1.3094289815895763, 103.86168280425382"
H0049,HARVEY ROAD ,"1.3333899059572425, 103.88448354447135"
H0050,HOWARD ROAD ,"1.3339435950318288, 103.88562688406911"
H0052,HARRISON ROAD ,"1.3354457773023352, 103.88477885108748"
H0055,HAVELOCK ROAD ,"1.289115805116501, 103.82849534500878"
H0057,HINDOO ROAD-KAMPONG KAPOR ROAD OFF STREET,"1.3079594133633965, 103.8544980304878"
H0061,HAPPY AVENUE NORTH ,"1.3309646052985948, 103.88057604657386"
H0064,HOLLAND ROAD - PEIRCE ROAD COACH PARK,"1.307356453743669, 103.80977072421588"
I0005,IRVING ROAD ,"1.335568244183836, 103.88734831080023"
I0006,IRVING PLACE ,"1.3360567388695506, 103.88662191676863"
J0001,JALAN BERSEH ,"1.307361446089861, 103.85734369952169"
J0003,JALAN BESAR ,"1.3115674143889893, 103.85925477632487"
J0006,JALAN KLAPA ,"1.3041579913231722, 103.85990973163985"
J0008,JALAN KLEDEK ,"1.3034199973639082, 103.8590269948785"
J0009,JALAN KUBOR (NORTH BRIDGE RD-VICTORIA ST),"1.3038008122706786, 103.85941536391339"
J0010,JALAN LANA ,"1.3236443027139553, 103.9188241573848"
J0012,JALAN PISANG ,"1.303135944437234, 103.858683727647"
J0015,JALAN BINCHANG ,"1.3520492544478335, 103.84552261601952"
J0017,JOO CHIAT ROAD OFF STREET,"1.3089312793026273, 103.90342597378921"
J0018,JIAK CHUAN ROAD ,"1.2798243017215665, 103.84179928136643"
J0020,JOO KOON ROAD ,"1.3255309618715179, 103.66874808628695"
J0021,JOO KOON WAY ,"1.3259175911441872, 103.66980032636388"
J0022,JALAN PINANG ,"1.3027418742484886, 103.85846506705681"
J0027,JOO KOON CIRCLE ,"1.32529138351137, 103.66728636297185"
J0029,JALAN SULTAN ,"1.3025424620357764, 103.8615854810749"
J0030,JALAN SEMERBAK ,"1.3253238905513571, 103.86306797989967"
J0033,JALAN TUKANG ,"1.3261052604408041, 103.71229395784465"
J0034,JALAN LEGUNDI ,"1.4412579769218767, 103.82310591531187"
J0035,JALAN TAMPANG ,"1.4420583320579232, 103.82362622871722"
J0036,JALAN DERUM ,"1.4416727585914422, 103.82305583730091"
J0037,JOO YEE ROAD ,"1.3288738978574801, 103.71564427804634"
J0038,JALAN MERAH SAGA ,"1.312250058144343, 103.79804242830349"
J0039,JALAN RUMIA ,"1.3112473337823816, 103.79777265396247"
J0040,JALAN KELABU ASAP ,"1.3107184657178732, 103.7979490752766"
J0041,JALAN HITAM MANIS ,"1.3084845043491085, 103.79898128739603"
J0042,JALAN KUNING ,"1.3095968690950155, 103.79871546820603"
J0043,JALAN PUTEH JERNEH ,"1.3093480246555809, 103.79817107723011"
J0047,JALAN LEMBAH KALLANG ,"1.3151479322623933, 103.86266475407484"
J0049,JELLICOE ROAD ,"1.3075318821429152, 103.86177949542926"
J0050,JALAN MAS KUNING ,"1.3080879709225124, 103.76376650477904"
J0051,JALAN MAS PUTEH ,"1.3083567984050302, 103.76241251868316"
J0054,JALAN BESAR - BEATTY ROAD OFF STREET,"1.3135186603580302, 103.85919495839542"
J0055,JALAN SEH CHUAN OFF STREET,"1.3416072967731962, 103.77498352226395"
J0056,JALAN SEH CHUAN-LORONG KILAT OFF STREET,"1.3408712086406303, 103.77471926354755"
J0057,JALAN DUSUN ,"1.327911128008022, 103.84389907294981"
J0058,JALAN KEMAMAN ,"1.3269308181664694, 103.85078232144082"
J0059,JALAN RAJA UDANG ,"1.3268314023447452, 103.8423767075397"
J0060,JALAN RAMA RAMA ,"1.3270182877970935, 103.84897715276611"
J0062,JALAN AMPAS ,"1.3260519141767704, 103.85128467990545"
J0069,JOO AVENUE ,"1.3153989039596208, 103.85505228564696"
J0070,JALAN ANGGEREK ,"1.3301006755447327, 103.88221733423768"
J0075,JAGO CLOSE ,"1.3069722168820201, 103.90801126287401"
J0080,JALAN MASJID ,"1.3197342453201544, 103.91242965812437"
J0088,JOO SENG ROAD ,"1.3379613860203294, 103.88354470849228"
J0092,JALAN KURAS OFF STREET ,"1.3733164289409938, 103.82902743813317"
J0093,JOO KOON CRESCENT ,"1.329206494633362, 103.67333612387465"
J0094,JALAN KURAS ,"1.37280489056752, 103.82949450391833"
J0095,JALAN LEBAN SERVICE ROAD,"1.3716724603283927, 103.82909508460328"
J0097,JALAN KUBOR (VICTORIA ST-ROCHOR CANAL RD),"1.3048685343153852, 103.85878498602803"
J0098,JALAN MESIN ,"1.333154056213745, 103.88341985264373"
J0099,JALAN BAHAR HEAVY VEHICLE PARK,"1.348063800712288, 103.70266323799034"
J0100,JALAN PELEPAH OFF STREET,"1.2740710679527718, 103.79551529813887"
J0102,JOO CHIAT ROAD (CHANGI ROAD-EAST COAST ROAD),"1.3105122420985114, 103.90161540647836"
J0104,JOO CHIAT PLACE ,"1.3137216978537598, 103.90286420557646"
J0106,JOO CHIAT LANE ,"1.3124569509695834, 103.90254402219487"
J0109,JALAN UBI ,"1.3179402671294334, 103.90038693976881"
J0111,JALAN LAPANG ,"1.322519270447301, 103.91402789131011"
J0112,JALAN GELENGGANG ,"1.3732017027780645, 103.82994567160203"
J0117,JALAN BESUT ,"1.3169645046812022, 103.72589928243642"
J0122,JALAN KAYU OFF STREET ,"1.3988702482283142, 103.87298020876877"
J0127,JALAN PENJARA ,"1.2984646921586076, 103.80670516298055"
J0128,JALAN KLEDEK OFF STREET,"1.3036048732447139, 103.85900502460217"
J0130,JOO CHIAT TERRACE (JOO CHIAT RD-TEMBELING RD),"1.3142886822523783, 103.89953476753935"
J0132,JALAN PENJARA OFF STREET,"1.2985842565848567, 103.80697910995119"
K0005,KANDAHAR STREET ,"1.3023115854014726, 103.85972176706913"
K0006,KAKI BUKIT ROAD 1 ,"1.3345093050978358, 103.90198607447823"
K0008,KEONG SAIK ROAD ,"1.2800825629621277, 103.84154209906796"
K0009,KERBAU ROAD ,"1.3068539109585624, 103.851483959026"
K0010,KILLINEY ROAD ,"1.2982585859942235, 103.83881937548266"
K0011,KINTA ROAD ,"1.310497268092546, 103.85302227182022"
K0013,KITCHENER ROAD ,"1.3082265255427317, 103.85902876709741"
K0022,KAKI BUKIT AVENUE 4 ,"1.3390861907546696, 103.90626556955947"
K0027,KAMPONG KAPOR ROAD ,"1.307702516584392, 103.85452555624265"
K0032,KENSINGTON PARK ROAD OFF STREET,"1.365957574908249, 103.86649257253231"
K0034,KUNG CHONG ROAD ,"1.2897596020491993, 103.81176447004076"
K0037,KING GEORGE'S AVENUE OFF STREET,"1.310287531645566, 103.86155503310925"
K0039,KING GEORGE'S AVENUE- HORNE ROAD OFF STREET,"1.3100117176044463, 103.86195254067118"
K0049,KELANTAN ROAD ,"1.3056056799483462, 103.85638366903105"
K0051,KENSINGTON PARK ROAD SERVICE ROAD,"1.3648910850308824, 103.86619012047063"
K0052,KALLANG SECTOR ,"1.3254450953161523, 103.87289446918503"
K0054,KALLANG WAY ,"1.3257562839404191, 103.87441216954389"
K0057,KALLANG AVENUE ,"1.3103753366607553, 103.86685771241628"
K0061,KALLANG BAHRU ,"1.318689516003464, 103.86613142257275"
K0064,KOVAN ROAD ,"1.360119848566245, 103.88309652829321"
K0069,KELANTAN LANE ,"1.3064945878447105, 103.85670694387633"
K0081,KIM CHUAN ROAD ,"1.3409780967926261, 103.88860508951352"
K0082,KAMPONG BUGIS OFF STREET,"1.3060643999346842, 103.86731520521822"
K0087,KIM KEAT CLOSE ,"1.3237384394541734, 103.85325923621878"
K0091,KAKI BUKIT ROAD 2 ,"1.3384315304876124, 103.89821808053136"
K0093,KAMPONG JAVA ROAD ,"1.3132884887727878, 103.84202239729666"
K0094,KELLOCK ROAD ,"1.2941154543585038, 103.82965674632679"
K0097,KAMPONG AMPAT ,"1.3345673115395382, 103.88315676394444"
K0099,KAMPONG EUNOS ,"1.3183116531203387, 103.90658061941105"
K0108,KEPPEL ROAD OFF STREET ,"1.273101747305914, 103.83959143701865"
K0110,KALLANG WAY 2A ,"1.3235326262862555, 103.87750658915927"
K0111,KINTA ROAD OFF STREET ,"1.3097434366680558, 103.85325694341977"
K0113,KIM YAM ROAD ,"1.2928662896978314, 103.84002423838311"
K0114,KAMPONG BUGIS ,"1.307621915137634, 103.86606698184741"
K0115,KAKI BUKIT PLACE ,"1.3340680569119592, 103.90313584982256"
K0120,KEMPAS ROAD ,"1.3152065258208083, 103.85995870040493"
K0121,KAMPONG KAPOR ROAD OFF STREET,"1.3065791639622755, 103.85405181382725"
L0002,LEMBU ROAD ,"1.3098606889316167, 103.8546199866407"
L0003,LIANG SEAH STREET ,"1.2980799359505673, 103.85635758243968"
L0004,LORONG 4 GEYLANG ,"1.310389122281514, 103.8759927151735"
L0005,LLOYD ROAD ,"1.2971493840050985, 103.8397336883393"
L0008,LORONG KILAT ,"1.3410277091201943, 103.77332155358862"
L0009,LORONG TELOK ,"1.2866930179603193, 103.84863413530736"
L0011,LINK ROAD ,"1.3278565643278852, 103.71189749675266"
L0013,LORONG 6 GEYLANG ,"1.3105840054474822, 103.87657749204801"
L0014,LORONG 7 GEYLANG ,"1.3124549053344012, 103.87587124922582"
L0015,LORONG 8 GEYLANG ,"1.3106746667649078, 103.8771642251342"
L0016,LORONG 9 GEYLANG ,"1.3128167484441662, 103.87641622100674"
L0018,LORONG 11 GEYLANG ,"1.3130212381603232, 103.87697172840116"
L0019,LORONG 12 GEYLANG ,"1.3108850729756165, 103.87840783174387"
L0020,LORONG 13 GEYLANG ,"1.3131769183381377, 103.87752486015891"
L0021,LORONG 14 GEYLANG ,"1.3111559321918766, 103.87918557989893"
L0022,LORONG 15 GEYLANG ,"1.3133138202310153, 103.87822481552891"
L0023,LORONG 16 GEYLANG ,"1.3114882567350938, 103.87989109052094"
L0024,LORONG 17 GEYLANG ,"1.31347485949051, 103.8787228951846"
L0025,LORONG 18 GEYLANG ,"1.3115960698748195, 103.88069263940078"
L0026,LORONG 19 GEYLANG ,"1.3141051777784847, 103.87912756933407"
L0027,LORONG 20 GEYLANG ,"1.3116372926203501, 103.88130567511712"
L0028,LORONG 21 GEYLANG ,"1.3142982415379139, 103.87999907630311"
L0029,LOK YANG WAY ,"1.3246010568040631, 103.6895388993424"
L0030,LORONG BACHOK ,"1.3139333950185894, 103.87959617064332"
L0031,LORONG TAHAR ,"1.312532755276347, 103.87558034253621"
L0032,LORONG 23 GEYLANG ,"1.3145163883665885, 103.88134398126941"
L0033,LORONG 24 GEYLANG ,"1.31206462905687, 103.8833332967412"
L0034,LORONG 24A GEYLANG ,"1.3122534942005006, 103.88402786630142"
L0035,LORONG 25 GEYLANG ,"1.3147337034597528, 103.88245532904237"
L0036,LORONG 25A GEYLANG ,"1.3142686857029908, 103.8830875251819"
L0037,LORONG 26 GEYLANG ,"1.3124255775417897, 103.88486405683268"
L0038,LORONG 27 GEYLANG ,"1.315906623956455, 103.88381980514535"
L0039,LORONG 27A GEYLANG ,"1.3145528143373175, 103.8847747315396"
L0040,LORONG 28 GEYLANG ,"1.312519241356278, 103.88557136244856"
L0041,LORONG 29 GEYLANG ,"1.314788133183545, 103.885828588924"
L0042,LORONG 30 GEYLANG ,"1.3127072953457974, 103.88631802924253"
L0043,LORONG 31 GEYLANG ,"1.3149714549333684, 103.88689240850246"
L0044,LORONG 32 GEYLANG ,"1.3128133772684307, 103.88695098029665"
L0045,LORONG 33 GEYLANG ,"1.3150697308745238, 103.88778411271817"
L0046,LORONG 34 GEYLANG ,"1.312979046754089, 103.88787001278205"
L0047,LORONG 35 GEYLANG ,"1.3153492113563858, 103.8885085810495"
L0048,LORONG 36 GEYLANG ,"1.3130286775602933, 103.88847558302314"
L0049,LORONG 37 GEYLANG ,"1.3156266448673604, 103.88964047548366"
L0050,LORONG 38 GEYLANG ,"1.3136024031050808, 103.88894163274928"
L0051,LORONG 39 GEYLANG ,"1.315572628103139, 103.89074437542645"
L0052,LORONG 40 GEYLANG ,"1.3139381637837333, 103.88974038331854"
L0053,LORONG 41 GEYLANG ,"1.3158488579403296, 103.89133052130668"
L0056,LORONG 28 SERVICE ROAD GEYLANG,"1.3114533491699898, 103.8860541368478"
L0057,LORONG 39 SERVICE ROAD GEYLANG,"1.3159212013854857, 103.8904068690608"
L0058,LIM TUA TOW ROAD OFF STREET,"1.3538507671663274, 103.87718550956127"
L0060,LORONG BAKAR BATU ,"1.3270802844962026, 103.87352140671766"
L0061,LIM TUA TOW ROAD ,"1.3544846619406676, 103.87639900122804"
L0064,LORONG 21 GEYLANG OFF STREET,"1.3138418922599073, 103.87984207773484"
L0065,LORONG PENDEK ,"1.3293272292184282, 103.87477876354693"
L0074,LORONG 21A GEYLANG ,"1.3150372897496707, 103.8805343949312"
L0076,LORONG MELAYU ,"1.319476682183487, 103.91063886728132"
L0077,LENG KEE ROAD ,"1.2907419191843652, 103.81226469969438"
L0078,LORONG MYDIN OFF STREET,"1.3191579615934352, 103.91187813269342"
L0079,LORONG MARZUKI ,"1.3191816972738029, 103.9095159209783"
L0081,LORONG AMPAS ,"1.3261558688033757, 103.8529770160339"
L0082,LORONG SARINA ,"1.318882192414792, 103.90783514624943"
L0083,LORONG MARICAN ,"1.3191475313757446, 103.90898359314426"
L0085,LOYANG WAY ,"1.3826825228668151, 103.97446447125768"
L0086,LOYANG CLOSE HEAVY VEHICLE PARK,"1.3694046909855626, 103.96570981178752"
L0087,LOYANG CRESCENT ,"1.383285702793747, 103.9715824319531"
L0088,LOYANG DRIVE ,"1.3709507998509376, 103.96700256180213"
L0089,LOYANG LANE ,"1.3742433492743127, 103.96720121437636"
L0092,LITTLE ROAD ,"1.3382838971039723, 103.88516973902557"
L0096,LORONG 101 CHANGI ,"1.3155945510878677, 103.89975075135084"
L0097,LORONG 102 CHANGI ,"1.3158995053010216, 103.90089108592315"
L0098,LORONG 104 CHANGI ,"1.3165855173633312, 103.90202843271408"
L0099,LORONG 105 CHANGI ,"1.3157592556396136, 103.90282082244693"
L0100,LORONG 106 CHANGI ,"1.3166125899851646, 103.90330378897256"
L0101,LORONG 107 CHANGI ,"1.3165043154648133, 103.90395697085155"
L0102,LORONG 108 CHANGI ,"1.316622884334436, 103.90457406883716"
L0103,LANGSAT ROAD ,"1.314997566415824, 103.90077029748224"
L0104,LORONG BEKUKONG OFF STREET,"1.39021141294832, 103.98732091158159"
L0107,LORONG BACHOK OFF STREET,"1.3137312534599566, 103.87944145465497"
L0109,LOYANG WAY 1 ,"1.3749344942532036, 103.97204895828015"
L0110,LOYANG STREET ,"1.3744333039953576, 103.96892423482204"
L0113,LORONG 3 GEYLANG ,"1.3116839076360358, 103.8744105236265"
L0115,LORONG 1 GEYLANG ROAD OFF STREET,"1.3105826580238997, 103.87206975884789"
L0116,LORONG 21 GEYLANG - GEYLANG ROAD OFF ST,"1.312971928022217, 103.88051592242519"
L0117,LORONG 25-25A GEYLANG OFF STREET,"1.3154114085907782, 103.8828291319692"
L0118,LORONG 36 GEYLANG OFF STREET,"1.3132360006956598, 103.88854189511314"
L0120,LORONG MYDIN ,"1.3196206140414664, 103.91159868431546"
L0123,LORONG 9-11 GEYLANG OFF STREET,"1.3132431536117768, 103.87646592168615"
L0124,LORONG 37 GEYLANG OFF STREET,"1.315091678313214, 103.88943334952762"
L0125,LORONG 31 GEYLANG OFF STREET,"1.3150474541197856, 103.88714181973816"
M0001,MACKENZIE ROAD ,"1.3063020613774543, 103.8474041616571"
M0003,MARNE ROAD  ,"1.3128115742285216, 103.85707205609744"
M0005,MAYO STREET ,"1.3041506265761047, 103.85369928070959"
M0006,MCCALLUM STREET ,"1.279623179619778, 103.8474086727901"
M0009,MISTRI ROAD ,"1.2738658443204638, 103.84597766833805"
M0011,MOSQUE STREET ,"1.2838318739564183, 103.84473801140197"
M0015,MOHAMED SULTAN ROAD ,"1.2923876175695568, 103.840963879678"
M0017,MIDDLE ROAD OFF STREET ,"1.3016696643410812, 103.85062276839884"
M0020,MAUDE ROAD ,"1.3080306601417064, 103.85830807677682"
M0026,MANILA STREET ,"1.2991329603044939, 103.85394801601971"
M0032,MARSILING CRESCENT ,"1.4486218113080616, 103.77522379624229"
M0038,MAJU AVENUE ,"1.3650268060221555, 103.86563399920979"
M0039,MAJU AVENUE SERVICE ROAD,"1.3653014102964127, 103.86553572733226"
M0040,MACKENZIE ROAD A OFF STREET,"1.3051668625928712, 103.84955574725186"
M0043,MOUNT EMILY ROAD ,"1.304210333132266, 103.84942595956588"
M0048,MARTABAN ROAD ,"1.3237458394850745, 103.8510604634408"
M0049,MINBU ROAD ,"1.3234682088699843, 103.84998436836146"
M0055,MOONSTONE LANE ,"1.327090038812221, 103.86650163940598"
M0058,MACPHERSON ROAD ,"1.3322360752021478, 103.88336497095351"
M0059,MACKENZIE ROAD B OFF STREET,"1.3058536755295906, 103.84756472413167"
M0063,MAYNE ROAD ,"1.3058059219264757, 103.8488522851631"
M0066,MACTAGGART ROAD ,"1.3345178252158263, 103.88440400233526"
M0072,MANDALAY ROAD ,"1.3244655428508607, 103.85027798462686"
M0074,MAKEWAY AVENUE ,"1.3123101420026468, 103.84191058742047"
M0076,MINBU ROAD OFF STREET ,"1.3252001003253115, 103.84890841545031"
M0077,MOHD SULTAN ROAD-RIVER VALLEY ROAD OFF STREET,"1.294169387946277, 103.841598721766"
M0078,MARITIME SQUARE D OFF STREET,"1.2665572188626195, 103.82037098540377"
M0079,MARSILING CRESCENT HEAVY VEHICLE PARK,"1.4473014614614004, 103.77663004925351"
M0080,MARSHALL ROAD ,"1.3055967767449563, 103.90199625367171"
M0084,MARINA VIEW OFF STREET ,"1.2746496875187128, 103.84947277096808"
M0085,MARTIN PLACE- MUTHURAMAN CHETTY ROAD,"1.293106776999203, 103.83827792869968"
M0088,MARGARET DRIVE OFF STREET,"1.3004199971201515, 103.8030164012201"
N0003,NORTH BRIDGE ROAD (ARAB-JALAN SULTAN),"1.3034105957781723, 103.85953209451824"
N0005,NEW INDUSTRIAL ROAD ,"1.3431357627958878, 103.88563151767886"
N0006,NEIL ROAD OFF STREET ,"1.279338310998562, 103.84191274173"
N0010,NIVEN ROAD ,"1.3035177848974093, 103.84959486119152"
N0011,NORRIS ROAD ,"1.3079993909230172, 103.8537239381909"
N0012,NORTH BRIDGE ROAD MARKET OFF STREET,"1.3060825735318777, 103.86355580061465"
N0013,NORTH BRIDGE ROAD OFF  STREET,"1.30040035774359, 103.85664662676147"
N0014,NORTH CANAL ROAD ,"1.2861877183064325, 103.84852597142837"
N0016,NEYTHAL ROAD ,"1.3250917890630778, 103.70307728273856"
N0020,NEW MARKET ROAD ,"1.2871983831020966, 103.84473878470675"
N0023,NETHERAVON ROAD ,"1.3912994474442582, 103.98516107687985"
N0047,NEIL ROAD ,"1.279313157191964, 103.84211962636888"
O0004,OLD UPPER THOMSON ROAD ,"1.377260221603684, 103.82751069442747"
O0005,OLD UPPER THOMSON ROAD OFF STREET,"1.3775043730718113, 103.82800448318493"
O0007,OWEN ROAD- DORSET ROAD - CAMBRIDGE ROAD,"1.3159846212296504, 103.85093559530615"
O0008,OLD AIRPORT ROAD ,"1.3072646388285465, 103.88455098561536"
O0010,OUTRAM ROAD ,"1.2854353933010318, 103.83477149495425"
O0013,OUTRAM HILL ,"1.2850357706711935, 103.83596801812122"
O0026,OPAL CRESCENT ,"1.327995169482195, 103.86695090104385"
O0027,ONAN ROAD ,"1.3114014466749513, 103.90017062668574"
O0028,OUTRAM ROAD OFF STREET ,"1.2843804041475033, 103.83543041047"
O0029,ONAN ROAD OFF STREET ,"1.3098000920281019, 103.90149917980155"
O0031,ONAN ROAD - JOO CHIAT ROAD OFF STREET,"1.3142352186665527, 103.89858964932613"
P0002,PAHANG STREET ,"1.302050439508258, 103.86111932360127"
P0006,PECK SEAH STREET ,"1.2777647240431087, 103.84491303130993"
P0009,PENANG LANE ,"1.2975030588610459, 103.84432770271218"
P0011,PETAIN ROAD (SERANGOON ROAD - JALAN BESAR),"1.312217562685203, 103.85813538202343"
P0013,PRINCE EDWARD ROAD - SHENTON WAY OFF STREET,"1.2751330286041636, 103.84819161939345"
P0015,PRINSEP STREET (MIDDLE-ROCHOR CANAL),"1.3007861066087916, 103.85057914519965"
P0018,PURVIS STREET ,"1.296474928534986, 103.85520250348377"
P0023,PLUMER ROAD ,"1.3096910373693615, 103.85849767342917"
P0024,PRINCE OF WALES ROAD ,"1.323060319923738, 103.8087195213367"
P0025,PRINCESS OF WALES ROAD ,"1.3239226303689602, 103.80851455818164"
P0028,PROME ROAD ,"1.3254111449196928, 103.84956698590129"
P0031,PEPYS ROAD OFF STREET ,"1.276417775119924, 103.79372027090795"
P0033,PASIR RIS CLOSE OFF STREET,"1.3769386098926322, 103.95649247971933"
P0035,PHENG GECK AVENUE ,"1.3311856951858714, 103.86983478600565"
P0036,PUAY HEE AVENUE ,"1.3304093774742605, 103.870348280308"
P0038,PERAK ROAD ,"1.305371163045984, 103.85386779052449"
P0048,PEARL BANK OFF STREET ,"1.2833483597848285, 103.84053784909118"
P0049,PENSHURST PLACE ,"1.363800550932958, 103.86465625372881"
P0051,PENHAS ROAD ,"1.3093454016258246, 103.86273120151641"
P0054,PASIR PANJANG FOOD CENTRE OFF STREET,"1.276199590286873, 103.79131016138147"
P0055,PETAIN ROAD (JALAN BESAR - TYRWHITT ROAD),"1.3110077068518966, 103.859503084536"
P0072,PENNEFATHER ROAD ,"1.3093220458524022, 103.90107629417254"
P0075,PENHAS ROAD - LAVENDER STREET OFF STREET,"1.3099941806465902, 103.86276472942544"
P0076,PANDAN ROAD ,"1.2992288319165772, 103.7519167655235"
P0077,PANDAN AVENUE ,"1.3024311127383164, 103.7499038045137"
P0078,PANDAN CRESCENT ,"1.3056123450362906, 103.75743761459256"
P0081,PIONEER SECTOR 1 ,"1.3035646723077288, 103.65468147493097"
P0082,PIONEER SECTOR 2 ,"1.2949369071796557, 103.66620151143846"
P0083,PIONEER SECTOR 3 ,"1.3072057418392053, 103.66075887513685"
P0086,PANDAN LOOP ,"1.3127780086926963, 103.75231697708965"
P0093,PASIR PANJANG ROAD OFF  STREET,"1.2767043723282894, 103.79566016940367"
P0094,PASIR PANJANG ROAD - SOUTH BUONA VISTA ROAD,"1.2789022091430708, 103.78560248250298"
P0095,PENJURU CLOSE ,"1.3126769665890134, 103.73231076130331"
P0096,PENANG ROAD OFF STREET ,"1.2998087492074721, 103.84212527391576"
P0099,PIONEER SECTOR WALK ,"1.2962115353937262, 103.66788740229997"
P0102,PANDAN GARDENS ,"1.321504135839906, 103.74796450519379"
P0106,PASIR PANJANG ROAD- CLEMENTI ROAD OFF ST,"1.29159786910618, 103.7681250437031"
P0109,PASIR RIS PARK CAR PARK E OFF STREET,"1.3845964154026653, 103.94389307173309"
P0111,PAHANG STREET OFF STREET,"1.3017596501752744, 103.86086565472469"
P0113,PASIR PANJANG FOOD CENTRE (TEMP) OFF ST,"1.2753574846099038, 103.79247441821589"
P0116,PRINCE PHILIP AVENUE ,"1.2916392265292667, 103.82106470563158"
P0117,PECK SEAH STREET OFF STREET,"1.277473298043955, 103.84526725219935"
Q0001,QUEEN STREET ,"1.2999433707583452, 103.85381802110875"
Q0002,QUEEN STREET (ARAB STREET - ROCHOR ROAD),"1.3031498047288022, 103.85653933236863"
Q0004,QUALITY ROAD ,"1.334272555770893, 103.71042331958759"
Q0006,QUEEN STREET OFF STREET,"1.2999226816597822, 103.85336325926617"
Q0008,QUEENSWAY OFF STREET ( RIDEOUT TEA GARDEN),"1.3046789409765749, 103.8021651248372"
R0001,RACE COURSE LANE ,"1.3098279372634671, 103.8528668177135"
R0002,RACE COURSE ROAD ,"1.3147622858275008, 103.8567104745521"
R0003,RANGOON ROAD ,"1.3165261588335118, 103.85315289910942"
R0006,RIVERSIDE ROAD ,"1.4438317259656632, 103.78046007883341"
R0010,RIVER VALLEY ROAD(BET TANK RD-ZION RD),"1.2942755310822924, 103.84197446582948"
R0011,ROBERTS LANE ,"1.3106100630738684, 103.85359733669644"
R0015,ROWELL ROAD ,"1.3086597256959704, 103.85477347547008"
R0028,RUBY LANE ,"1.327487220997478, 103.86698287554047"
R0036,RACE COURSE ROAD (BET BT TIMAH - RANGOON RD),"1.3088534087917834, 103.85124312925082"
R0037,RANGOON LANE OFF STREET,"1.3165411292595013, 103.85419621649343"
R0039,RANGOON LANE ,"1.316521675769006, 103.85394462838862"
R0040,RAFFLES BOULEVARD COACH PARK,"1.2918939916200103, 103.86215245621764"
S0001,SAM LEONG ROAD ,"1.3094292693102945, 103.85680045778852"
S0002,SEAH STREET ,"1.2960041309847734, 103.85474973503676"
S0005,SERANGOON RD(KITCHENER RD-LAVENDER ST),"1.3142468622190588, 103.85737152760264"
S0007,STARLIGHT ROAD - TERRACE,"1.313660865140243, 103.8537885420945"
S0009,SHORT STREET ,"1.3027280905803975, 103.85084759000688"
S0011,SOPHIA ROAD ,"1.3017970125900906, 103.84850915546417"
S0013,SULTAN GATE - ALIWAL STREET COACH PARK,"1.3021294089830222, 103.86067649061297"
S0015,STANLEY STREET ,"1.2803743510458858, 103.84811888589225"
S0018,SULTAN GATE ,"1.3015941053149542, 103.86070054160425"
S0020,SEMBAWANG HILLS FOOD CENTRE OFF STREET,"1.3722654677575001, 103.82882318577835"
S0021,SYED ALWI ROAD (JALAN BESAR - SERANGOON RD),"1.3093504074401368, 103.85586057288157"
S0022,SYED ALWI ROAD(JALAN BESAR-ROCHOR CANAL RD),"1.3072628274603608, 103.85821284471788"
S0023,STURDEE ROAD ,"1.3125923866856732, 103.85883712044901"
S0026,SERVICE ROAD OFF BUKIT  TIMAH ROAD-SIXTH AVE,"1.331186630462876, 103.7962405670121"
S0027,SIAK KEW AVENUE ,"1.3297681960042804, 103.87033340774863"
S0032,SAUNDERS ROAD ,"1.3043949671386996, 103.83874248932828"
S0033,SERVICE ROAD OFF CHOA CHU KANG AVE 1,"1.3768237369675203, 103.74534858891633"
S0035,SERVICE ROAD OFF QUEEN ST(QUEEN-WATERLOO ST),"1.2991456631175438, 103.85244864610209"
S0039,SIMS AVENUE SERVICE ROAD,"1.3143326219638352, 103.87747188040073"
S0040,SECOND CHIN BEE ROAD ,"1.333065448411388, 103.71408661859734"
S0043,SIXTH AVENUE ,"1.331032661311788, 103.79487744381048"
S0044,SELETAR NORTH LINK  ,"1.4212909183263274, 103.89003009143939"
S0045,SING AVENUE ,"1.3155884381480998, 103.85419058275252"
S0046,SING JOO WALK ,"1.314916425943701, 103.85499360884046"
S0047,SHAN ROAD ,"1.3250887357773715, 103.84679343443482"
S0048,SHAW ROAD ,"1.3367490950950158, 103.88462147423054"
S0049,Serangoon Rd-Lavender  St Off Street,"1.314887457719081, 103.85858757139756"
S0050,SIANG KUANG AVENUE ,"1.3296102418612588, 103.87195478123076"
S0055,SERANGOON GARDEN MARKET OFF STREET,"1.3627998666971295, 103.86632587825483"
S0061,SEMBONG ROAD ,"1.441455566956316, 103.82254899770588"
S0063,SERANGOON GARDEN WAY ,"1.3644211688552845, 103.86439411615792"
S0064,SERANGOON GARDEN WAY SERVICE ROAD,"1.3636896218807528, 103.86545497855539"
S0065,SANDOWN PLACE ,"1.3652804689019347, 103.86485284731864"
S0066,SOMME ROAD ,"1.3113372854869005, 103.8584375239199"
S0070,SIMON ROAD SERVICE ROAD,"1.3617716443933623, 103.8857958574461"
S0074,SIN MING DRIVE ,"1.3589288856758748, 103.83744429849524"
S0075,SCIENCE CENTRE ROAD ,"1.3302199612587902, 103.73786914861878"
S0076,SECOND LOK YANG ROAD ,"1.3262898944337713, 103.69162567184011"
S0078,SOON WING ROAD ,"1.327081221840894, 103.87951961427666"
S0079,SERVICE ROAD OFF KING GEORGE'S AVENUE,"1.310701315354854, 103.86188810458476"
S0082,SIXTH LOK YANG ROAD ,"1.3253689904933326, 103.68409073478841"
S0083,SUNGEI KADUT AVENUE ,"1.408344785845381, 103.75104653308742"
S0084,SUNGEI KADUT DRIVE ,"1.4181293866853475, 103.74313051755446"
S0085,SUNGEI KADUT LOOP ,"1.4117420330799455, 103.74361746941592"
S0086,SUNGEI KADUT STREET 1 ,"1.4240352393436402, 103.7499644062273"
S0088,SUNGEI KADUT STREET 3 ,"1.4166951784615989, 103.747142620448"
S0091,SENOKO ROAD ,"1.4643698197516342, 103.80244704926363"
S0092,SENOKO SOUTH ROAD ,"1.4552635796906295, 103.80224449989744"
S0094,SENOKO WAY ,"1.4679701073207942, 103.81311767594975"
S0096,SENOKO DRIVE ,"1.464734314633373, 103.806365764404"
S0097,SENOKO AVENUE ,"1.4688708559057597, 103.80920887354253"
S0098,SIMS AVENUE (BET LOR 3 GEYLANG-PAYA LEBAR RD),"1.3145351191615886, 103.87974890015214"
S0102,SPOTTISWOODE PARK ROAD ,"1.2768547348984522, 103.83703635396971"
S0103,STEVENS ROAD ,"1.3161738857954728, 103.82661231288903"
S0105,SUNGEI KADUT WAY ,"1.4068914037527425, 103.74987930351759"
S0106,SIN MING DRIVE OFF STREET,"1.3566926857451946, 103.83606317799315"
S0108,SHREWSBURY ROAD OFF STREET,"1.3186024746961653, 103.85067798545582"
S0109,SIN MING ROAD HEAVY VEHICLE PARK,"1.3571402592361328, 103.83789214598697"
S0110,SERVICE ROAD OFF ONAN ROAD,"1.3144371873495544, 103.89839213899815"
S0111,STAGMONT RING HEAVY VEHICLE PARK,"1.393551729257746, 103.75359865413249"
S0112,SEAH IM ROAD OFF STREET,"1.2680395173247878, 103.81759598210819"
S0115,SERVICE ROAD BET HAMILTON RD-CAVAN RD,"1.3116658213403591, 103.86163101277657"
S0118,SERVICE ROAD OFF PENHAS ROAD,"1.309594494765863, 103.86254544303561"
S0119,SHREWSBURY ROAD ,"1.3183081872469293, 103.84861499814424"
S0120,SERVICE ROAD BETWEEN PETAIN RD-ALLENBY RD,"1.3109020674140877, 103.85930191274186"
S0127,SERVICE ROAD OFF JOO CHIAT ROAD,"1.3065850993431463, 103.90457682746971"
S0128,SERVICE ROAD OFF CHAI CHEE DRIVE,"1.323715561658147, 103.91914752459606"
S0130,SERVICE ROAD OFF GENTING LANE,"1.3234065658926872, 103.87771580063972"
S0132,SERVICE ROAD OFF ALIWAL STREET,"1.3033122814915914, 103.86078813154113"
S0134,SOMMERVILLE WALK ,"1.3439700941881751, 103.87002378945076"
S0135,SIMS AVENUE (PAYA LEBAR RD-EUNOS RD),"1.3179852347224492, 103.89883724183728"
S0136,SERVICE ROAD OFF ZION ROAD,"1.2937932296169845, 103.83074965700631"
S0139,SERVICE ROAD OFF UPPER BUKIT TIMAH ROAD,"1.3434563451494101, 103.77559593883619"
S0141,SERVICE ROAD OFF UPPER EAST COAST ROAD,"1.3130398112329382, 103.92654639992065"
S0143,SERVICE ROAD OFF LORONG 44 GEYLANG,"1.3144314385116866, 103.89072236094376"
S0146,SERVICE ROAD OFF QUALITY ROAD,"1.334023127921278, 103.71114189572164"
S0148,SUNGEI KADUT CRESCENT ,"1.4096995332657971, 103.74500664222452"
S0149,SERVICE ROAD OFF SIN MING ROAD,"1.3523451867775784, 103.83560911351898"
S0150,SULTAN GATE - ALIWAL STREET OFF STREET,"1.302454560701643, 103.86058819582026"
S0151,SEMBAWANG DRIVE HEAVY VEHICLE PARK,"1.4608933551614407, 103.81486528416033"
S0152,SUNSHINE TERRACE ,"1.345848345257339, 103.87242821480896"
S0156,SIMS PLACE ,"1.3160036787643914, 103.87939631184202"
S0157,SERVICE ROAD OFF JALAN MASJID,"1.3197377373526782, 103.91196726379336"
S0158,SERVICE ROAD OFF MACPHERSON ROAD,"1.3297689168929354, 103.87403794431233"
S0159,SERVICE ROAD OFF BALESTIER ROAD,"1.327041801567898, 103.842931686213"
S0160,SIN MING WALK ,"1.3652678971474295, 103.83116078210058"
S0162,SERVICE ROAD OFF TEBING LANE,"1.393223464732219, 103.916642898863"
S0164,SELETAR AEROSPACE VIEW ,"1.41143864014929, 103.86975928765871"
S0166,SEMBAWANG RD-ADMIRALTY  RD EAST OFF STREET,"1.4536994107812415, 103.83314342266779"
S0167,SERVICE ROAD OFF JALAN SELASEH,"1.3856507456767808, 103.87305457603767"
S0168,SERVICE ROAD OFF JALAN KELULUT,"1.3832282306883241, 103.87584296805267"
S0170,SERVICE ROAD OFF SEMBAWANG ROAD,"1.4535278890270054, 103.83249755303784"
S0171,SPOONER ROAD OFF STREET,"1.2756889219233905, 103.83505914969275"
S0172,SPRINGLEAF ROAD  ,"1.396975551296319, 103.81976339015542"
T0002,TANJONG PAGAR ROAD ,"1.2783777317610752, 103.84381582821872"
T0003,TANK ROAD ,"1.294683459671452, 103.84356786002498"
T0006,TECK LIM ROAD ,"1.2803154982584328, 103.84186939770221"
T0008,TELOK AYER STREET ,"1.281317066623441, 103.8479327276112"
T0009,TEMPLE STREET ,"1.2828708811570342, 103.84415921056501"
T0010,TEO HONG ROAD ,"1.2799875349376124, 103.84067589646705"
T0014,TRAS STREET ,"1.277540821505518, 103.8442669884041"
T0017,TIONG BAHRU PARK OFF STREET,"1.2869316650030556, 103.82464089829911"
T0019,TANJONG PENJURU CRESCENT,"1.3017495153297534, 103.74075918432807"
T0021,TYRWHITT ROAD ,"1.312042366340147, 103.86064863947391"
T0022,TOWNSHEND ROAD ,"1.3076861791300871, 103.858345349621"
T0025,TAI THONG CRESCENT ,"1.328729130391638, 103.86977266694625"
T0031,TALMA ROAD ,"1.3110715695807533, 103.87813652010635"
T0033,TECK CHYE TERRACE ,"1.3532787942493854, 103.87686823971097"
T0036,TAMPINES PLACE  ,"1.3674582611470445, 103.92938262160828"
T0039,TANNERY LANE ,"1.327973843685211, 103.87700884248538"
T0040,THIRD CHIN BEE ROAD ,"1.3338317608744068, 103.71569080646148"
T0043,TAMAN MAS MERAH ,"1.3086833185352988, 103.76383931924305"
T0057,TESSENSOHN ROAD ,"1.3150062749308171, 103.85586677764837"
T0060,TOH GUAN ROAD ,"1.3337787566688375, 103.74883449840804"
T0061,THIRD LOK YANG ROAD ,"1.326258592733345, 103.68980214313878"
T0062,TAI SENG DRIVE ,"1.3378176590391289, 103.89323712445425"
T0065,TAGORE ROAD ,"1.3840653181952143, 103.82932352107741"
T0066,TAGORE INDUSTRIAL AVENUE,"1.3850015325227751, 103.82731934179061"
T0067,TAGORE LANE ,"1.38695903781102, 103.82896898723608"
T0068,TAGORE DRIVE  ,"1.3873823064577397, 103.82665656160943"
T0070,TANGLIN HALT CLOSE ,"1.3047196121130242, 103.79465820758047"
T0074,TAMPINES INDUSTRIAL AVENUE 3,"1.358861245250402, 103.92850898447003"
T0076,TUAS AVENUE 1 ,"1.3207846952677196, 103.65909985122671"
T0077,TUAS AVENUE 3 ,"1.3230256266416673, 103.65483173580398"
T0079,TUAS AVENUE 5 ,"1.3203750355093118, 103.65367256199772"
T0080,TUAS AVENUE 7 ,"1.333008880478855, 103.64434193513078"
T0081,TUAS AVENUE 9 ,"1.3303059662705075, 103.64249270761802"
T0082,TUAS AVENUE 11 ,"1.3210775932692023, 103.64606705932154"
T0083,TUAS AVENUE 12 ,"1.3329527697812364, 103.64387790744847"
T0084,TUAS AVENUE 13 ,"1.3222549454395875, 103.64061352979384"
T0088,TUAS AVENUE 18A ,"1.3226679669680201, 103.63719059924335"
T0090,TUAS DRIVE 1 ,"1.3220778162939792, 103.65763954585323"
T0091,TUAS DRIVE 2 ,"1.3237475066226554, 103.6561566865442"
T0094,TUAS LANE ,"1.329108448099598, 103.64229982959559"
T0096,TUAS WEST AVENUE ,"1.3340780359666737, 103.63975069671613"
T0100,TELOK BLANGAH STREET 31,"1.272806457123952, 103.80575747126295"
T0102,TUAS ROAD ,"1.309108749040259, 103.65078430216536"
T0103,TEMBELING ROAD OFF STREET,"1.3128601116287992, 103.9008128367772"
T0104,TAI SENG AVENUE ,"1.337962946302674, 103.89012688481733"
T0107,TAMPINES ROAD-HOUGANG AVE 7 HEAVY VEH PARK,"1.3627665992169649, 103.89712501422751"
T0109,TELOK BLANGAH DRIVE HEAVY VEHICLE PARK,"1.2741167309466737, 103.80518782784173"
T0111,TUAS LINK 2 ,"1.3362043072788414, 103.63889061356481"
T0113,TUAS LINK 4 ,"1.3364869805654371, 103.6406748883383"
T0114,TEMBELING ROAD ,"1.3100698582853205, 103.90313576455594"
T0115,TELOK KURAU ROAD ,"1.3095412342450643, 103.91201718079552"
T0116,TEBAN GARDENS CRESCENT ,"1.3243250619248863, 103.74026851065692"
T0117,TUAS SOUTH AVENUE 1 ,"1.317813134640782, 103.62836236990228"
T0123,TUAS SOUTH STREET 2 ,"1.3075968011643706, 103.63130028762461"
T0129,TANJONG KATONG COMPLEX ,"1.316890182392951, 103.89522931567411"
T0130,TOA PAYOH WEST ,"1.3352801883614691, 103.84195375398797"
T0131,TAMPINES AVENUE 9- AVENUE 10 HV PARK,"1.3622129180522466, 103.9323661754381"
T0140,TANJONG KATONG ROAD OFF STREET,"1.3068395612894395, 103.89608109872434"
T0141,TANJONG KATONG RD OFF ST (OPP WILKINSON RD),"1.3039250916364948, 103.89688542898854"
T0142,TUAS BASIN CLOSE ,"1.3131311427747732, 103.65297357663901"
T0144,TEO HONG ROAD - NEW BRIDGE ROAD OFF STREET,"1.280628557259014, 103.84087737212211"
T0145,TEBING LANE ,"1.3926076901105822, 103.91567332777795"
T0146,TAI SENG STREET ,"1.3358320754848167, 103.8896198490934"
T0151,TAMPINES ROAD HEAVY VEHICLE PARK,"1.363568092469359, 103.90277758961646"
T0153,TAMPINES NORTH DRIVE 3  HVP,"1.3728208987472348, 103.93627021337687"
U0002,UPPER CIRCULAR ROAD ,"1.2887936577982668, 103.84815513201173"
U0003,UBI AVENUE 3 ,"1.331599753629999, 103.89349968476704"
U0007,UPPER DICKSON ROAD ,"1.3063719701286556, 103.85249960146493"
U0008,UPPER WELD ROAD ,"1.306066909208158, 103.85415817244929"
U0012,UPPER PAYA LEBAR ROAD SERVICE ROAD,"1.3467689077542317, 103.88035444663542"
U0013,UBI ROAD 1 ,"1.3293774355960835, 103.89226012638406"
U0014,UBI ROAD 2 ,"1.3334194007591549, 103.89503632607254"
U0016,UBI ROAD 3 ,"1.3322489430683169, 103.89777136754418"
U0017,UPPER HOKIEN STREET ,"1.2854780260567698, 103.8460711787393"
U0021,UBI AVENUE 4 ,"1.3348377085905996, 103.89588774412877"
U0023,UNITY STREET ,"1.2921160923697266, 103.84196339926899"
U0029,UPPER THOMSON ROAD ,"1.3508693978055042, 103.83648397588424"
U0030,UBI AVENUE 1 ,"1.3249878129226202, 103.89313069651989"
U0031,UPPER SERANGOON ROAD ,"1.3629208619264372, 103.88818744279874"
U0035,UPPER SERANGOON ROAD (BARTLEY RD JUNCTION),"1.345059738366502, 103.87113851649991"
U0036,UPPER EAST COAST ROAD OFF STREET,"1.3122387155548971, 103.92605288490608"
U0037,UBI ROAD 4 ,"1.3324795971056735, 103.89994799886671"
U0038,UPPER THOMSON ROAD (LAKEVIEW ESTATE),"1.3500775393900213, 103.83527752187227"
U0039,UBI CRESCENT ,"1.3273590172817402, 103.89594182475487"
U0040,UPPER ALJUNIED LINK OFF-ST,"1.3344563713469142, 103.88244303068353"
U0042,UPPER CHANGI ROAD - BEDOK ROAD OFF STREET,"1.3321242011113004, 103.94646774562754"
U0043,UPPER THOMSON ROAD OFF STREET,"1.350060217446852, 103.8359651517257"
U0044,UBI VIEW ,"1.332079526616606, 103.89677211323693"
U0045,UBI LINK ,"1.3325529018822484, 103.89327550644019"
V0001,VEERASAMY ROAD ,"1.3073356197438473, 103.85449076589748"
V0005,VERDUN ROAD ,"1.309745591582893, 103.85592748322222"
V0007,VERDUN ROAD OFF STREET ,"1.310324224868191, 103.85612855572862"
W0001,WALLICH STREET ,"1.2768981420227197, 103.84442274166895"
W0002,WATERLOO STREET ,"1.2988906618188683, 103.8516365638611"
W0004,WILKIE ROAD ,"1.3031877141652655, 103.8472276770853"
W0005,WILKINSON ROAD ,"1.3023222734876947, 103.88621924197528"
W0010,WESTERHOUT ROAD ,"1.3111082586648342, 103.88105870703778"
W0021,WISHART ROAD ,"1.2703200464309448, 103.81366848258048"
W0029,WEST COAST PARK 1 OFF STREET,"1.2896228087074377, 103.77142607054459"
W0034,WOODLANDS SECTOR 1 ,"1.4535789731886486, 103.80492113059002"
W0035,WOODLANDS WALK ,"1.45214655859333, 103.80383458071458"
W0036,WOODLANDS LINK ,"1.4502260399141178, 103.80802271568326"
W0037,WOODLANDS LOOP ,"1.4475023203929185, 103.80788089021597"
W0038,WOODLANDS TERRACE ,"1.4518954167148315, 103.80773338420349"
W0040,WOODLANDS AVE 9 (WOODLANDS AVE 8-LINK),"1.4530859652826018, 103.80773995756006"
W0045,WARNA ROAD ,"1.3118947407420085, 103.79668041890797"
W0046,WOODLANDS INDUSTRIAL PARK E 1,"1.454282779635915, 103.79696719616668"
W0047,WOODLANDS INDUSTRIAL PARK E 3,"1.4535368347198205, 103.79670646875685"
W0048,WOODLANDS INDUSTRIAL PARK E 8,"1.4530368488519856, 103.80005007739744"
W0049,WOODLANDS INDUSTRIAL PARK E 9,"1.4499168251879193, 103.79864987994378"
W0051,WOODLANDS INDUSTRIAL PARK E 6,"1.449435160331697, 103.79936454442326"
W0055,WARNA ROAD OFF STREET ,"1.3110802058979325, 103.79619690369876"
W0058,WOODLANDS INDUSTRIAL PARK E 5,"1.4507339991928256, 103.79332521778126"
Y0002,YAN KIT ROAD ,"1.2760695754492697, 103.84184481230011"
Y0013,YISHUN INDUSTRIAL PARK A,"1.443534647894333, 103.83394593942108"
Y0017,YISHUN AVENUE 7 HEAVY VEHICLE PARK,"1.4443561666356382, 103.84059294652893"
Y0019,YAN KIT ROAD - CANTONMENT ROAD OFF ST,"1.2745489160415515, 103.84142957939866"
Y0020,YIO CHU KANG ROAD HVP  ,"1.3908407947470804, 103.8630050750028"
Z0001,ZION ROAD OFF STREET ,"1.2923854618385204, 103.83076016688219"
Z0003,ZION ROAD ,"1.2924784591778997, 103.83047442762206"
Z0004,ZION CLOSE ,"1.293063541553546, 103.8304014419491"
